Workbook

Sheet Case Review Data
A1: case_id | B1: expected_fault | C1: ai_root_cause | D1: ai_confidence | E1: human_verdict | F1: severity | G1: osi_layer | H1: concept_tag | I1: reviewer_notes
A2: NET-001 | B2: Sub-interface administratively down | C2: Router sub-interface Gi0/0.10 is administratively shut down, removing the VLAN 10 default gateway | D2: High | E2: Accepted | F2: High | G2: Layer 3 | H2: Inter-VLAN Routing | I2: AI diagnosis matched the evidence and expected fault; accepted as-is.
A3: NET-002 | B3: DHCP Scope Pool Exhaustion | C3: DHCP pool LAN_POOL is exhausted (10/10 leased), so new clients fall back to APIPA | D3: High | E3: Accepted | F3: High | G3: Layer 7 | H3: DHCP | I3: AI diagnosis matched the evidence and expected fault; accepted as-is.
A4: NET-003 | B4: DNS service disabled on client subnet gateway | C4: DNS lookups fail because 'ip name-server 192.168.1.5' is present but domain lookup / DNS service is not active on the client's gateway | D4: Medium | E4: Rejected | F4: Medium | G4: Layer 7 | H4: DNS | I4: AI's direction (DNS-related) was plausible but the evidence given ('not active') is ambiguous - it's unclear if this refers to the domain-lookup config or the DNS server process itself. Reviewer rejected the diagnosis pending a clarifying show command rather than accepting a guess.
A5: NET-004 | B5: OSPF Hello Timer Mismatch | C5: OSPF hello-interval mismatch (R1=10, R2=20) prevents adjacency | D5: High | E5: Accepted | F5: High | G5: Layer 3 | H5: OSPF | I5: AI diagnosis matched the evidence and expected fault; accepted as-is.
A6: NET-005 | B6: Extended ACL blocking HTTP traffic | C6: Extended ACL 101 has a deny statement for the Sales subnet to the web server ahead of/instead of a permit for tcp port 80 | D6: High | E6: Accepted | F6: Medium | G6: Layer 4 | H6: ACL | I6: AI diagnosis matched the evidence and expected fault; accepted as-is.
A7: NET-006 | B7: NAT Overload/PAT keyword missing | C7: NAT source list is applied without the 'overload' keyword, so PAT is not enabled and only one internal host can use the public IP at a time | D7: High | E7: Accepted | F7: High | G7: Layer 3 | H7: NAT | I7: AI diagnosis matched the evidence and expected fault; accepted as-is.
A8: NET-007 | B8: Overly permissive ACL on Guest VLAN | C8: GUEST_ACL permits all IP traffic from the guest subnet to any destination, allowing guest Wi-Fi to reach internal private servers | D8: High | E8: Accepted | F8: High | G8: Layer 3/4 | H8: Wireless/ACL | I8: AI diagnosis matched the evidence and expected fault; accepted as-is.
A9: NET-008 | B9: VLAN pruned/missing from trunk allowed list | C9: VLAN 20 is missing from the trunk's allowed VLAN list between SW1 and SW2 | D9: High | E9: Accepted | F9: Medium | G9: Layer 2 | H9: VLAN Trunking | I9: AI diagnosis matched the evidence and expected fault; accepted as-is.
A10: NET-009 | B10: Host Default Gateway IP Misconfiguration | C10: Likely a DNS resolution issue preventing gateway reachability check | D10: Low | E10: Edited | F10: High | G10: Layer 3 | H10: Addressing | I10: AI wrongly framed this as a DNS issue with Low confidence. The real fault is a simple gateway IP typo (192.168.1.254 vs 192.168.1.1) that is fully visible in the topology note. Reviewer corrected root cause and raised confidence to High.
A11: NET-010 | B11: Management SVI interface in shutdown state | C11: Management SVI (VLAN 1 interface) on SW1 is administratively shut down, blocking SSH access | D11: High | E11: Accepted | F11: Low | G11: Layer 2 | H11: Switching | I11: AI diagnosis matched the evidence and expected fault; accepted as-is.
A12: NET-011 | B12: Inter-switch link configured as access instead of trunk | C12: The inter-switch link between SW1 and SW2 is configured as access mode instead of trunk, blocking VLAN 10 traffic between switches | D12: High | E12: Accepted | F12: High | G12: Layer 2 | H12: VLAN Trunking | I12: AI diagnosis matched the evidence and expected fault; accepted as-is.
... A31: NET-030 | B31: CDP disabled globally on device | C31: CDP is disabled globally on the device, so no neighbor information is being advertised or learned | D31: High | E31: Accepted | F31: Low | G31: Layer 2 | H31: CDP | I31: AI diagnosis matched the evidence and expected fault; accepted as-is.

Sheet Dashboard
A1: NetSage AI — Case Dashboard
A2: Applied AI + Network Troubleshooting — Human Review Summary
A4: Total Cases | B4: Accepted | C4: Edited | D4: Rejected | E4: AI Agreement Rate | F4: Human-Corrected Cases
A5: =COUNTA('Case Review Data'!$E$2:$E$31) -> 30 | B5: =COUNTIF('Case Review Data'!$E$2:$E$31,"Accepted") -> 22 | C5: =COUNTIF('Case Review Data'!$E$2:$E$31,"Edited") -> 7 | D5: =COUNTIF('Case Review Data'!$E$2:$E$31,"Rejected") -> 1 | E5: =COUNTIF('Case Review Data'!$E$2:$E$31,"Accepted")/COUNTA('Case Review Data'!$E$2:$E$31) -> 0.73333333 | F5: =COUNTIF('Case Review Data'!$E$2:$E$31,"Edited")+COUNTIF('Case Review Data'!$E$2:$E$31,"Rejected") -> 8
A7: By Severity | D7: By OSI Layer
A8: Severity | B8: Count | D8: Layer | E8: Count
A9: High | B9: =COUNTIF('Case Review Data'!$F$2:$F$31,"High") -> 16 | D9: Layer 2 | E9: =COUNTIF('Case Review Data'!$G$2:$G$31,"Layer 2") -> 9
A10: Medium | B10: =COUNTIF('Case Review Data'!$F$2:$F$31,"Medium") -> 11 | D10: Layer 2/3 | E10: =COUNTIF('Case Review Data'!$G$2:$G$31,"Layer 2/3") -> 1
A11: Low | B11: =COUNTIF('Case Review Data'!$F$2:$F$31,"Low") -> 3 | D11: Layer 3 | E11: =COUNTIF('Case Review Data'!$G$2:$G$31,"Layer 3") -> 12
D12: Layer 3/4 | E12: =COUNTIF('Case Review Data'!$G$2:$G$31,"Layer 3/4") -> 1
D13: Layer 4 | E13: =COUNTIF('Case Review Data'!$G$2:$G$31,"Layer 4") -> 3
D14: Layer 7 | E14: =COUNTIF('Case Review Data'!$G$2:$G$31,"Layer 7") -> 4
A16: By Concept / Issue Type | D16: Human Verdict Breakdown
A17: Concept Tag | B17: Count | D17: Verdict | E17: Count
A18: ACL | B18: =COUNTIF('Case Review Data'!$H$2:$H$31,"ACL") -> 3 | D18: Accepted | E18: =COUNTIF('Case Review Data'!$E$2:$E$31,"Accepted") -> 22
A19: Addressing | B19: =COUNTIF('Case Review Data'!$H$2:$H$31,"Addressing") -> 2 | D19: Edited | E19: =COUNTIF('Case Review Data'!$E$2:$E$31,"Edited") -> 7
A20: CDP | B20: =COUNTIF('Case Review Data'!$H$2:$H$31,"CDP") -> 1 | D20: Rejected | E20: =COUNTIF('Case Review Data'!$E$2:$E$31,"Rejected") -> 1
A21: DHCP | B21: =COUNTIF('Case Review Data'!$H$2:$H$31,"DHCP") -> 2
A22: DNS | B22: =COUNTIF('Case Review Data'!$H$2:$H$31,"DNS") -> 1
A23: HSRP | B23: =COUNTIF('Case Review Data'!$H$2:$H$31,"HSRP") -> 1
A24: IPv6 | B24: =COUNTIF('Case Review Data'!$H$2:$H$31,"IPv6") -> 1
A25: Inter-VLAN Routing | B25: =COUNTIF('Case Review Data'!$H$2:$H$31,"Inter-VLAN Routing") -> 2
A26: NAT | B26: =COUNTIF('Case Review Data'!$H$2:$H$31,"NAT") -> 2
A27: OSPF | B27: =COUNTIF('Case Review Data'!$H$2:$H$31,"OSPF") -> 3
A28: Port Security | B28: =COUNTIF('Case Review Data'!$H$2:$H$31,"Port Security") -> 1
A29: Security/DAI | B29: =COUNTIF('Case Review Data'!$H$2:$H$31,"Security/DAI") -> 1
A30: Static Routing | B30: =COUNTIF('Case Review Data'!$H$2:$H$31,"Static Routing") -> 1
A31: Subnetting | B31: =COUNTIF('Case Review Data'!$H$2:$H$31,"Subnetting") -> 1
A32: Switching | B32: =COUNTIF('Case Review Data'!$H$2:$H$31,"Switching") -> 1
A33: VLAN | B33: =COUNTIF('Case Review Data'!$H$2:$H$31,"VLAN") -> 1
A34: VLAN Trunking | B34: =COUNTIF('Case Review Data'!$H$2:$H$31,"VLAN Trunking") -> 3
A35: VTP | B35: =COUNTIF('Case Review Data'!$H$2:$H$31,"VTP") -> 1
A36: Wireless | B36: =COUNTIF('Case Review Data'!$H$2:$H$31,"Wireless") -> 1
A37: Wireless/ACL | B37: =COUNTIF('Case Review Data'!$H$2:$H$31,"Wireless/ACL") -> 1
